[{"model": "admin.logentry", "pk": 1, "fields": {"action_time": "2023-12-05T17:16:45.748Z", "user": 21, "content_type": 10, "object_id": "1", "object_repr": "Review 1 - Shelter: Pet Shelter: oakville", "action_flag": 1, "change_message": "[{\"added\": {}}]"}}, {"model": "auth.permission", "pk": 1, "fields": {"name": "Can add log entry", "content_type": 1, "codename": "add_logentry"}}, {"model": "auth.permission", "pk": 2, "fields": {"name": "Can change log entry", "content_type": 1, "codename": "change_logentry"}}, {"model": "auth.permission", "pk": 3, "fields": {"name": "Can delete log entry", "content_type": 1, "codename": "delete_logentry"}}, {"model": "auth.permission", "pk": 4, "fields": {"name": "Can view log entry", "content_type": 1, "codename": "view_logentry"}}, {"model": "auth.permission", "pk": 5, "fields": {"name": "Can add permission", "content_type": 2, "codename": "add_permission"}}, {"model": "auth.permission", "pk": 6, "fields": {"name": "Can change permission", "content_type": 2, "codename": "change_permission"}}, {"model": "auth.permission", "pk": 7, "fields": {"name": "Can delete permission", "content_type": 2, "codename": "delete_permission"}}, {"model": "auth.permission", "pk": 8, "fields": {"name": "Can view permission", "content_type": 2, "codename": "view_permission"}}, {"model": "auth.permission", "pk": 9, "fields": {"name": "Can add group", "content_type": 3, "codename": "add_group"}}, {"model": "auth.permission", "pk": 10, "fields": {"name": "Can change group", "content_type": 3, "codename": "change_group"}}, {"model": "auth.permission", "pk": 11, "fields": {"name": "Can delete group", "content_type": 3, "codename": "delete_group"}}, {"model": "auth.permission", "pk": 12, "fields": {"name": "Can view group", "content_type": 3, "codename": "view_group"}}, {"model": "auth.permission", "pk": 13, "fields": {"name": "Can add content type", "content_type": 4, "codename": "add_contenttype"}}, {"model": "auth.permission", "pk": 14, "fields": {"name": "Can change content type", "content_type": 4, "codename": "change_contenttype"}}, {"model": "auth.permission", "pk": 15, "fields": {"name": "Can delete content type", "content_type": 4, "codename": "delete_contenttype"}}, {"model": "auth.permission", "pk": 16, "fields": {"name": "Can view content type", "content_type": 4, "codename": "view_contenttype"}}, {"model": "auth.permission", "pk": 17, "fields": {"name": "Can add session", "content_type": 5, "codename": "add_session"}}, {"model": "auth.permission", "pk": 18, "fields": {"name": "Can change session", "content_type": 5, "codename": "change_session"}}, {"model": "auth.permission", "pk": 19, "fields": {"name": "Can delete session", "content_type": 5, "codename": "delete_session"}}, {"model": "auth.permission", "pk": 20, "fields": {"name": "Can view session", "content_type": 5, "codename": "view_session"}}, {"model": "auth.permission", "pk": 21, "fields": {"name": "Can add user", "content_type": 6, "codename": "add_customuser"}}, {"model": "auth.permission", "pk": 22, "fields": {"name": "Can change user", "content_type": 6, "codename": "change_customuser"}}, {"model": "auth.permission", "pk": 23, "fields": {"name": "Can delete user", "content_type": 6, "codename": "delete_customuser"}}, {"model": "auth.permission", "pk": 24, "fields": {"name": "Can view user", "content_type": 6, "codename": "view_customuser"}}, {"model": "auth.permission", "pk": 25, "fields": {"name": "Can add pet seeker", "content_type": 7, "codename": "add_petseeker"}}, {"model": "auth.permission", "pk": 26, "fields": {"name": "Can change pet seeker", "content_type": 7, "codename": "change_petseeker"}}, {"model": "auth.permission", "pk": 27, "fields": {"name": "Can delete pet seeker", "content_type": 7, "codename": "delete_petseeker"}}, {"model": "auth.permission", "pk": 28, "fields": {"name": "Can view pet seeker", "content_type": 7, "codename": "view_petseeker"}}, {"model": "auth.permission", "pk": 29, "fields": {"name": "Can add pet shelter", "content_type": 8, "codename": "add_petshelter"}}, {"model": "auth.permission", "pk": 30, "fields": {"name": "Can change pet shelter", "content_type": 8, "codename": "change_petshelter"}}, {"model": "auth.permission", "pk": 31, "fields": {"name": "Can delete pet shelter", "content_type": 8, "codename": "delete_petshelter"}}, {"model": "auth.permission", "pk": 32, "fields": {"name": "Can view pet shelter", "content_type": 8, "codename": "view_petshelter"}}, {"model": "auth.permission", "pk": 33, "fields": {"name": "Can add shelter image", "content_type": 9, "codename": "add_shelterimage"}}, {"model": "auth.permission", "pk": 34, "fields": {"name": "Can change shelter image", "content_type": 9, "codename": "change_shelterimage"}}, {"model": "auth.permission", "pk": 35, "fields": {"name": "Can delete shelter image", "content_type": 9, "codename": "delete_shelterimage"}}, {"model": "auth.permission", "pk": 36, "fields": {"name": "Can view shelter image", "content_type": 9, "codename": "view_shelterimage"}}, {"model": "auth.permission", "pk": 37, "fields": {"name": "Can add review", "content_type": 10, "codename": "add_review"}}, {"model": "auth.permission", "pk": 38, "fields": {"name": "Can change review", "content_type": 10, "codename": "change_review"}}, {"model": "auth.permission", "pk": 39, "fields": {"name": "Can delete review", "content_type": 10, "codename": "delete_review"}}, {"model": "auth.permission", "pk": 40, "fields": {"name": "Can view review", "content_type": 10, "codename": "view_review"}}, {"model": "auth.permission", "pk": 41, "fields": {"name": "Can add message", "content_type": 11, "codename": "add_message"}}, {"model": "auth.permission", "pk": 42, "fields": {"name": "Can change message", "content_type": 11, "codename": "change_message"}}, {"model": "auth.permission", "pk": 43, "fields": {"name": "Can delete message", "content_type": 11, "codename": "delete_message"}}, {"model": "auth.permission", "pk": 44, "fields": {"name": "Can view message", "content_type": 11, "codename": "view_message"}}, {"model": "auth.permission", "pk": 45, "fields": {"name": "Can add application", "content_type": 12, "codename": "add_application"}}, {"model": "auth.permission", "pk": 46, "fields": {"name": "Can change application", "content_type": 12, "codename": "change_application"}}, {"model": "auth.permission", "pk": 47, "fields": {"name": "Can delete application", "content_type": 12, "codename": "delete_application"}}, {"model": "auth.permission", "pk": 48, "fields": {"name": "Can view application", "content_type": 12, "codename": "view_application"}}, {"model": "auth.permission", "pk": 49, "fields": {"name": "Can add pet", "content_type": 13, "codename": "add_pet"}}, {"model": "auth.permission", "pk": 50, "fields": {"name": "Can change pet", "content_type": 13, "codename": "change_pet"}}, {"model": "auth.permission", "pk": 51, "fields": {"name": "Can delete pet", "content_type": 13, "codename": "delete_pet"}}, {"model": "auth.permission", "pk": 52, "fields": {"name": "Can view pet", "content_type": 13, "codename": "view_pet"}}, {"model": "auth.permission", "pk": 53, "fields": {"name": "Can add pet image", "content_type": 14, "codename": "add_petimage"}}, {"model": "auth.permission", "pk": 54, "fields": {"name": "Can change pet image", "content_type": 14, "codename": "change_petimage"}}, {"model": "auth.permission", "pk": 55, "fields": {"name": "Can delete pet image", "content_type": 14, "codename": "delete_petimage"}}, {"model": "auth.permission", "pk": 56, "fields": {"name": "Can view pet image", "content_type": 14, "codename": "view_petimage"}}, {"model": "auth.permission", "pk": 57, "fields": {"name": "Can add chat", "content_type": 15, "codename": "add_chat"}}, {"model": "auth.permission", "pk": 58, "fields": {"name": "Can change chat", "content_type": 15, "codename": "change_chat"}}, {"model": "auth.permission", "pk": 59, "fields": {"name": "Can delete chat", "content_type": 15, "codename": "delete_chat"}}, {"model": "auth.permission", "pk": 60, "fields": {"name": "Can view chat", "content_type": 15, "codename": "view_chat"}}, {"model": "auth.permission", "pk": 61, "fields": {"name": "Can add notifications", "content_type": 16, "codename": "add_notifications"}}, {"model": "auth.permission", "pk": 62, "fields": {"name": "Can change notifications", "content_type": 16, "codename": "change_notifications"}}, {"model": "auth.permission", "pk": 63, "fields": {"name": "Can delete notifications", "content_type": 16, "codename": "delete_notifications"}}, {"model": "auth.permission", "pk": 64, "fields": {"name": "Can view notifications", "content_type": 16, "codename": "view_notifications"}}, {"model": "contenttypes.contenttype", "pk": 1, "fields": {"app_label": "admin", "model": "logentry"}}, {"model": "contenttypes.contenttype", "pk": 2, "fields": {"app_label": "auth", "model": "permission"}}, {"model": "contenttypes.contenttype", "pk": 3, "fields": {"app_label": "auth", "model": "group"}}, {"model": "contenttypes.contenttype", "pk": 4, "fields": {"app_label": "contenttypes", "model": "contenttype"}}, {"model": "contenttypes.contenttype", "pk": 5, "fields": {"app_label": "sessions", "model": "session"}}, {"model": "contenttypes.contenttype", "pk": 6, "fields": {"app_label": "accounts", "model": "customuser"}}, {"model": "contenttypes.contenttype", "pk": 7, "fields": {"app_label": "accounts", "model": "petseeker"}}, {"model": "contenttypes.contenttype", "pk": 8, "fields": {"app_label": "shelters", "model": "petshelter"}}, {"model": "contenttypes.contenttype", "pk": 9, "fields": {"app_label": "shelters", "model": "shelterimage"}}, {"model": "contenttypes.contenttype", "pk": 10, "fields": {"app_label": "shelters", "model": "review"}}, {"model": "contenttypes.contenttype", "pk": 11, "fields": {"app_label": "chats", "model": "message"}}, {"model": "contenttypes.contenttype", "pk": 12, "fields": {"app_label": "pets", "model": "application"}}, {"model": "contenttypes.contenttype", "pk": 13, "fields": {"app_label": "pets", "model": "pet"}}, {"model": "contenttypes.contenttype", "pk": 14, "fields": {"app_label": "pets", "model": "petimage"}}, {"model": "contenttypes.contenttype", "pk": 15, "fields": {"app_label": "pets", "model": "chat"}}, {"model": "contenttypes.contenttype", "pk": 16, "fields": {"app_label": "notifications", "model": "notifications"}}, {"model": "sessions.session", "pk": "llmj5zd5i1d1ce549snf856qq8rag1lm", "fields": {"session_data": ".eJxVjEsOwjAMBe-SNYpC4sYyS_acIbITlxRQKvWzqrg7VOoCtm9m3mYSr0tN66xTGoq5GH82p99ROD-17aQ8uN1Hm8e2TIPYXbEHne1tLPq6Hu7fQeW5fmsiylRyH0BBSbQDiqIIKgIZfUHnAcFzTxk5CgJGlOi6EAL34Jx5fwAYiTfs:1rAZ1O:yMkeiYpA1s7DqSmdVPQp8dEBtcUFq20JyPidkTjuSHg", "expire_date": "2023-12-19T17:15:46.621Z"}}, {"model": "accounts.customuser", "pk": 1, "fields": {"password": "pbkdf2_sha256$600000$Zf1cx2SmtAqtLMkYnr4r6p$oykBluIFUAFKkIIoa4Xu4vzkvM5CqG3x6duaCDC/Kzo=", "last_login": null, "is_superuser": false, "username": "juliabulat", "first_name": "", "last_name": "", "is_staff": false, "is_active": true, "date_joined": "2023-11-15T14:06:54.776Z", "phone_number": null, "address": null, "profile_photo": "default.jpg", "email": "juliabulat@gmail.com", "groups": [], "user_permissions": []}}, {"model": "accounts.customuser", "pk": 2, "fields": {"password": "pbkdf2_sha256$600000$0GpvicvtxUi9SIgYkKmiSC$4A97oVy1Hn0L64Aw+umrXVP/zEYcK6i0JltW9I4Y/IM=", "last_login": null, "is_superuser": false, "username": "rumaisachowdhury", "first_name": "", "last_name": "", "is_staff": false, "is_active": true, "date_joined": "2023-11-15T14:07:53.650Z", "phone_number": null, "address": null, "profile_photo": "default.jpg", "email": "rumaisachowdhury@gmail.com", "groups": [], "user_permissions": []}}, {"model": "accounts.customuser", "pk": 3, "fields": {"password": "pbkdf2_sha256$600000$n6FPQN2qdLzOXnxa1ad9cM$GDycYXKw0kuViw+E6O7viG78TiddKUZwOObTfvd9Rng=", "last_login": null, "is_superuser": false, "username": "soheegoo", "first_name": "", "last_name": "", "is_staff": false, "is_active": true, "date_joined": "2023-11-15T14:08:33.317Z", "phone_number": null, "address": null, "profile_photo": "default.jpg", "email": "soheegoo@gmail.com", "groups": [], "user_permissions": []}}, {"model": "accounts.customuser", "pk": 4, "fields": {"password": "pbkdf2_sha256$600000$SAsTJwlFOyYs75MifSXZNg$71kLJs3OvSKWgXJ/ldkUrZQxWc9FqW24NPs9xS9Emf8=", "last_login": null, "is_superuser": false, "username": "alicesmith", "first_name": "", "last_name": "", "is_staff": false, "is_active": true, "date_joined": "2023-11-15T14:10:24.309Z", "phone_number": null, "address": null, "profile_photo": "default.jpg", "email": "alice.smith@example.com", "groups": [], "user_permissions": []}}, {"model": "accounts.customuser", "pk": 5, "fields": {"password": "pbkdf2_sha256$600000$XTnnmDcpqm5hQLXCUVWuUF$WIXY+KKQd3sB8Ls1CVL3tdnMePrZT4XinH/uCRNnQ3s=", "last_login": null, "is_superuser": false, "username": "bobjohnson", "first_name": "", "last_name": "", "is_staff": false, "is_active": true, "date_joined": "2023-11-15T14:10:59.923Z", "phone_number": null, "address": null, "profile_photo": "default.jpg", "email": "bob.johnson@example.com", "groups": [], "user_permissions": []}}, {"model": "accounts.customuser", "pk": 6, "fields": {"password": "pbkdf2_sha256$600000$fgRWYgAZpzz0JfPDImAJOU$H8xerpBB69bNeAU5wwFCsXJesJdz2MeYQGWP4UuvNSo=", "last_login": null, "is_superuser": false, "username": "charlied", "first_name": "", "last_name": "", "is_staff": false, "is_active": true, "date_joined": "2023-11-15T14:11:40.153Z", "phone_number": null, "address": null, "profile_photo": "default.jpg", "email": "charlie.davis@example.com", "groups": [], "user_permissions": []}}, {"model": "accounts.customuser", "pk": 7, "fields": {"password": "pbkdf2_sha256$600000$SnafTsOg4VdPVp9jjngHTt$TzEVidYGlehK+AmhbaXa/iu0kZ+unIlyT0fPredvGk4=", "last_login": null, "is_superuser": false, "username": "davidm", "first_name": "", "last_name": "", "is_staff": false, "is_active": true, "date_joined": "2023-11-15T14:12:15.606Z", "phone_number": null, "address": null, "profile_photo": "default.jpg", "email": "david.miller@example.com", "groups": [], "user_permissions": []}}, {"model": "accounts.customuser", "pk": 8, "fields": {"password": "pbkdf2_sha256$600000$DHZzKgv6smCkhNpfPH1yWS$foP8E66Z3vE9vzWHyQs5y8JzsKt5WX13Pwe91jVZyRM=", "last_login": null, "is_superuser": false, "username": "evelicios", "first_name": "", "last_name": "", "is_staff": false, "is_active": true, "date_joined": "2023-11-15T14:16:10.337Z", "phone_number": null, "address": null, "profile_photo": "default.jpg", "email": "eva.williams@example.com", "groups": [], "user_permissions": []}}, {"model": "accounts.customuser", "pk": 9, "fields": {"password": "pbkdf2_sha256$600000$kkTo6Q3EydvJiPSBl3X6OZ$cDzLk3L8iHwusSaopGdiUJ1IsE4eawNnEX7p/hiJW28=", "last_login": null, "is_superuser": false, "username": "emmawhite", "first_name": "", "last_name": "", "is_staff": false, "is_active": true, "date_joined": "2023-11-15T14:17:16.425Z", "phone_number": null, "address": null, "profile_photo": "default.jpg", "email": "emma.white@gmail.com", "groups": [], "user_permissions": []}}, {"model": "accounts.customuser", "pk": 10, "fields": {"password": "pbkdf2_sha256$600000$6knVNhHj58P5GaP4C7MWUf$fWvgzgWVr6+Qyj1FEdUnqvDe3mx6806JVXB9MwRIY/o=", "last_login": null, "is_superuser": false, "username": "graceanderson", "first_name": "", "last_name": "", "is_staff": false, "is_active": true, "date_joined": "2023-11-15T14:18:07.933Z", "phone_number": null, "address": null, "profile_photo": "default.jpg", "email": "grace.anderson@mail.net", "groups": [], "user_permissions": []}}, {"model": "accounts.customuser", "pk": 11, "fields": {"password": "pbkdf2_sha256$600000$yEAE7ZHf6ssPpLmMDW2Hxs$BhTLNYSMMwM0kjjV3bWJtG2EAxhAtKtm41lyGjVYADI=", "last_login": null, "is_superuser": false, "username": "oakville", "first_name": "", "last_name": "", "is_staff": false, "is_active": true, "date_joined": "2023-11-15T14:20:17.041Z", "phone_number": null, "address": null, "profile_photo": "default.jpg", "email": "oakville@gmail.com", "groups": [], "user_permissions": []}}, {"model": "accounts.customuser", "pk": 12, "fields": {"password": "pbkdf2_sha256$600000$WpsoY8IxPEvzoBWklWApWz$Bqi/Th8/WNv7FDwjqDPPl0UGNumuM/eomUWEgMrDj7Y=", "last_login": null, "is_superuser": false, "username": "scarborough", "first_name": "", "last_name": "", "is_staff": false, "is_active": true, "date_joined": "2023-11-15T14:20:56.951Z", "phone_number": null, "address": null, "profile_photo": "default.jpg", "email": "scarborough@gmail.com", "groups": [], "user_permissions": []}}, {"model": "accounts.customuser", "pk": 13, "fields": {"password": "pbkdf2_sha256$600000$sMWpEXH9paSNXcsCfZKElN$wo9rgXM/pQS1aM9Q59QCE8PBAPa5Y+QGT1p1hRTAW8U=", "last_login": null, "is_superuser": false, "username": "brampton", "first_name": "", "last_name": "", "is_staff": false, "is_active": true, "date_joined": "2023-11-15T14:21:34.532Z", "phone_number": null, "address": null, "profile_photo": "default.jpg", "email": "brampton@gmail.com", "groups": [], "user_permissions": []}}, {"model": "accounts.customuser", "pk": 14, "fields": {"password": "pbkdf2_sha256$600000$ZjZfjjHrNlRdYBUztbFFdc$RunDykcjY30xhHnndINomKGyO6Hf6/Fq1QQ+Ht8dS8Y=", "last_login": null, "is_superuser": false, "username": "sunshine_haven", "first_name": "", "last_name": "", "is_staff": false, "is_active": true, "date_joined": "2023-11-15T14:22:12.534Z", "phone_number": null, "address": null, "profile_photo": "default.jpg", "email": "sunshine.haven@gmail.com", "groups": [], "user_permissions": []}}, {"model": "accounts.customuser", "pk": 15, "fields": {"password": "pbkdf2_sha256$600000$Cbucv8N67ITRARPITVeLOh$L01qteZfhxpAhrjOQx6cmhk7pjPSkxFNJ+fso6Gaysg=", "last_login": null, "is_superuser": false, "username": "paws_whiskers", "first_name": "", "last_name": "", "is_staff": false, "is_active": true, "date_joined": "2023-11-15T14:22:52.901Z", "phone_number": null, "address": null, "profile_photo": "default.jpg", "email": "paws.whiskers@mail.com", "groups": [], "user_permissions": []}}, {"model": "accounts.customuser", "pk": 16, "fields": {"password": "pbkdf2_sha256$600000$O9APKugU3I4JOnhXjZGqv5$f7sOnh1+ofzTnAIj914jwg2dgbYoaCDG/YW05n+J0QU=", "last_login": null, "is_superuser": false, "username": "happy_tails", "first_name": "", "last_name": "", "is_staff": false, "is_active": true, "date_joined": "2023-11-15T14:23:39.309Z", "phone_number": null, "address": null, "profile_photo": "default.jpg", "email": "happy.tails.shelter@gmail.com", "groups": [], "user_permissions": []}}, {"model": "accounts.customuser", "pk": 17, "fields": {"password": "pbkdf2_sha256$600000$stxPF3mMZW8SCWhljkAVf5$4Z/WKHfFx2YfuCko1PHKPeb6/wvKQihZOgsIroMXNes=", "last_login": null, "is_superuser": false, "username": "furry_friends", "first_name": "", "last_name": "", "is_staff": false, "is_active": true, "date_joined": "2023-11-15T14:24:22.518Z", "phone_number": null, "address": null, "profile_photo": "default.jpg", "email": "furry.friends.haven@example.org", "groups": [], "user_permissions": []}}, {"model": "accounts.customuser", "pk": 18, "fields": {"password": "pbkdf2_sha256$600000$BrCr5xOWSDDIUTr6QwcJzg$K63oYOA6sMo8Yh0lYJQpfHpAhGOakrEFWC4EqMowQCM=", "last_login": null, "is_superuser": false, "username": "whisker_wonderland", "first_name": "", "last_name": "", "is_staff": false, "is_active": true, "date_joined": "2023-11-15T14:25:06.847Z", "phone_number": null, "address": null, "profile_photo": "default.jpg", "email": "whisker.wonderland@mail.net", "groups": [], "user_permissions": []}}, {"model": "accounts.customuser", "pk": 19, "fields": {"password": "pbkdf2_sha256$600000$QcO4qwInla8tnT5mOgPkTy$njT6fefOkMUHr+CDy6B4pDHUhGrHZs0oyT3QdXdWlb8=", "last_login": null, "is_superuser": false, "username": "cozy_critter", "first_name": "", "last_name": "", "is_staff": false, "is_active": true, "date_joined": "2023-11-15T14:25:45.263Z", "phone_number": null, "address": null, "profile_photo": "default.jpg", "email": "cozy.critter.haven@gmail.com", "groups": [], "user_permissions": []}}, {"model": "accounts.customuser", "pk": 20, "fields": {"password": "pbkdf2_sha256$600000$45Wp0XUR2GmYMX2cX9LqTa$+ixUTsJgIkpQ4TXknUP5tJFOk6Tj6LTh/7JvJYNLYDc=", "last_login": null, "is_superuser": false, "username": "purr_paradise", "first_name": "", "last_name": "", "is_staff": false, "is_active": true, "date_joined": "2023-11-15T14:26:25.033Z", "phone_number": null, "address": null, "profile_photo": "default.jpg", "email": "purr.paradise@mail.com", "groups": [], "user_permissions": []}}, {"model": "accounts.customuser", "pk": 21, "fields": {"password": "pbkdf2_sha256$600000$uFsaqkcd37XNYqsal2t693$S2Yp+RhM0/XceNTO5q71tdjD8PUNdN7BC1sPCw7WRaM=", "last_login": null, "is_superuser": true, "username": "jack", "first_name": "", "last_name": "", "is_staff": true, "is_active": true, "date_joined": "2023-11-15T19:09:09.790Z", "phone_number": null, "address": null, "profile_photo": "default.jpg", "email": "jack@gmail.com", "groups": [], "user_permissions": []}}, {"model": "accounts.petseeker", "pk": 1, "fields": {"user": 1, "firstname": "julia", "lastname": "bulat", "dog_notification": false, "cat_notification": false, "other_notification": true}}, {"model": "accounts.petseeker", "pk": 2, "fields": {"user": 2, "firstname": "rumaisa", "lastname": "chowdhury", "dog_notification": true, "cat_notification": true, "other_notification": false}}, {"model": "accounts.petseeker", "pk": 3, "fields": {"user": 3, "firstname": "sohee", "lastname": "goo", "dog_notification": true, "cat_notification": true, "other_notification": false}}, {"model": "accounts.petseeker", "pk": 4, "fields": {"user": 4, "firstname": "Alice", "lastname": "Smith", "dog_notification": true, "cat_notification": true, "other_notification": false}}, {"model": "accounts.petseeker", "pk": 5, "fields": {"user": 5, "firstname": "Bob", "lastname": "Johnson", "dog_notification": true, "cat_notification": true, "other_notification": false}}, {"model": "accounts.petseeker", "pk": 6, "fields": {"user": 6, "firstname": "Charlie", "lastname": "Davis", "dog_notification": true, "cat_notification": true, "other_notification": true}}, {"model": "accounts.petseeker", "pk": 7, "fields": {"user": 7, "firstname": "David", "lastname": "Miller", "dog_notification": true, "cat_notification": true, "other_notification": true}}, {"model": "accounts.petseeker", "pk": 8, "fields": {"user": 8, "firstname": "Eva", "lastname": "Williams", "dog_notification": true, "cat_notification": true, "other_notification": true}}, {"model": "accounts.petseeker", "pk": 9, "fields": {"user": 9, "firstname": "Emma", "lastname": "White", "dog_notification": true, "cat_notification": true, "other_notification": true}}, {"model": "accounts.petseeker", "pk": 10, "fields": {"user": 10, "firstname": "Grace", "lastname": "Anderson", "dog_notification": true, "cat_notification": true, "other_notification": true}}, {"model": "shelters.petshelter", "pk": 1, "fields": {"user": 11, "shelter_name": "oakville", "mission_statement": null}}, {"model": "shelters.petshelter", "pk": 2, "fields": {"user": 12, "shelter_name": "scarborough", "mission_statement": null}}, {"model": "shelters.petshelter", "pk": 3, "fields": {"user": 13, "shelter_name": "brampton", "mission_statement": null}}, {"model": "shelters.petshelter", "pk": 4, "fields": {"user": 14, "shelter_name": "Sunshine Haven", "mission_statement": null}}, {"model": "shelters.petshelter", "pk": 5, "fields": {"user": 15, "shelter_name": "Paws and Whiskers", "mission_statement": null}}, {"model": "shelters.petshelter", "pk": 6, "fields": {"user": 16, "shelter_name": "Happy Tails Shelter", "mission_statement": null}}, {"model": "shelters.petshelter", "pk": 7, "fields": {"user": 17, "shelter_name": "Furry Friends Haven", "mission_statement": null}}, {"model": "shelters.petshelter", "pk": 8, "fields": {"user": 18, "shelter_name": "Whisker Wonderland", "mission_statement": null}}, {"model": "shelters.petshelter", "pk": 9, "fields": {"user": 19, "shelter_name": "Cozy Critter Haven", "mission_statement": null}}, {"model": "shelters.petshelter", "pk": 10, "fields": {"user": 20, "shelter_name": "Purr Paradise", "mission_statement": null}}, {"model": "shelters.review", "pk": 1, "fields": {"rating": "0.3", "content": "Test Review #1", "creation_time": "2023-12-05T17:16:45.746Z", "shelter": 1, "user": 1}}, {"model": "chats.message", "pk": 1, "fields": {"content_type": 10, "object_id": 1, "message_type": "Review", "date_sent": "2023-12-05T18:05:11.814Z", "content": "hi", "sender": 11, "sender_type": ""}}, {"model": "chats.message", "pk": 2, "fields": {"content_type": 10, "object_id": 1, "message_type": "Review", "date_sent": "2023-12-05T18:08:01.867Z", "content": "hello", "sender": 11, "sender_type": ""}}, {"model": "chats.message", "pk": 3, "fields": {"content_type": 10, "object_id": 1, "message_type": "Review", "date_sent": "2023-12-05T18:08:23.344Z", "content": "sohee", "sender": 11, "sender_type": ""}}, {"model": "chats.message", "pk": 4, "fields": {"content_type": 10, "object_id": 1, "message_type": "Review", "date_sent": "2023-12-05T18:15:15.258Z", "content": "juliaaaaa", "sender": 11, "sender_type": ""}}, {"model": "chats.message", "pk": 5, "fields": {"content_type": 10, "object_id": 1, "message_type": "Review", "date_sent": "2023-12-05T18:16:31.501Z", "content": "rumaisa", "sender": 11, "sender_type": ""}}, {"model": "chats.message", "pk": 6, "fields": {"content_type": 10, "object_id": 1, "message_type": "Review", "date_sent": "2023-12-05T18:16:45.986Z", "content": "I WANT DOG", "sender": 11, "sender_type": ""}}, {"model": "chats.message", "pk": 7, "fields": {"content_type": 10, "object_id": 1, "message_type": "Review", "date_sent": "2023-12-05T18:22:36.531Z", "content": "hello", "sender": 11, "sender_type": ""}}, {"model": "chats.message", "pk": 8, "fields": {"content_type": 10, "object_id": 1, "message_type": "Review", "date_sent": "2023-12-05T18:22:40.741Z", "content": "hiii", "sender": 11, "sender_type": ""}}, {"model": "chats.message", "pk": 9, "fields": {"content_type": 10, "object_id": 1, "message_type": "Review", "date_sent": "2023-12-05T18:22:46.337Z", "content": "I want cat", "sender": 11, "sender_type": ""}}, {"model": "chats.message", "pk": 10, "fields": {"content_type": 10, "object_id": 1, "message_type": "Review", "date_sent": "2023-12-05T18:22:51.355Z", "content": "hiii", "sender": 11, "sender_type": ""}}, {"model": "chats.message", "pk": 11, "fields": {"content_type": 10, "object_id": 1, "message_type": "Review", "date_sent": "2023-12-05T18:22:56.143Z", "content": "I WANT DOG", "sender": 11, "sender_type": ""}}, {"model": "chats.message", "pk": 12, "fields": {"content_type": 10, "object_id": 1, "message_type": "Review", "date_sent": "2023-12-05T18:23:09.551Z", "content": "JULIAAAAA", "sender": 11, "sender_type": ""}}, {"model": "chats.message", "pk": 13, "fields": {"content_type": 10, "object_id": 1, "message_type": "Review", "date_sent": "2023-12-05T18:24:15.101Z", "content": "message", "sender": 11, "sender_type": ""}}, {"model": "pets.pet", "pk": 1, "fields": {"shelter": 1, "profile_photo": "default.jpg", "name": "Rufus", "pet_type": "Dog", "breed": "Poodle", "gender": "Female", "color": "brown", "date_of_birth": "2003-11-12", "weight": "3.5", "medical_history": "None", "behavior": "erratic", "requirements": "Yser", "about": "Rufus is evil", "status": "Available", "application_deadline": "2023-12-12", "city": "Toronto", "province": "ON", "publication_date": "2023-11-15"}}, {"model": "pets.pet", "pk": 2, "fields": {"shelter": 2, "profile_photo": "default.jpg", "name": "Bella", "pet_type": "Cat", "breed": "Siamese", "gender": "Male", "color": "gray", "date_of_birth": "2018-05-25", "weight": "5.2", "medical_history": "Vaccinated", "behavior": "Playful", "requirements": "Cat-friendly home", "about": "Bella loves to play with toys and enjoys being around people.", "status": "Available", "application_deadline": "2023-12-15", "city": "Vancouver", "province": "BC", "publication_date": "2023-11-15"}}, {"model": "pets.pet", "pk": 3, "fields": {"shelter": 3, "profile_photo": "default.jpg", "name": "Max", "pet_type": "Dog", "breed": "Golden Retriever", "gender": "Male", "color": "golden", "date_of_birth": "2019-08-10", "weight": "70.5", "medical_history": "Neutered, Vaccinated", "behavior": "Friendly", "requirements": "Fenced yard", "about": "Max is a friendly and energetic dog who loves to play fetch.", "status": "Available", "application_deadline": "2023-12-20", "city": "Calgary", "province": "AB", "publication_date": "2023-11-15"}}, {"model": "pets.pet", "pk": 4, "fields": {"shelter": 4, "profile_photo": "default.jpg", "name": "Mittens", "pet_type": "Cat", "breed": "Domestic Shorthair", "gender": "Female", "color": "black and white", "date_of_birth": "2020-02-14", "weight": "8.0", "medical_history": "Spayed, Vaccinated", "behavior": "Cuddly", "requirements": "Indoor home", "about": "Mittens is a sweet and affectionate cat who loves to be petted.", "status": "Available", "application_deadline": "2023-12-18", "city": "Montreal", "province": "QC", "publication_date": "2023-11-15"}}, {"model": "pets.pet", "pk": 5, "fields": {"shelter": 5, "profile_photo": "default.jpg", "name": "Rocky", "pet_type": "Dog", "breed": "Boxer", "gender": "Male", "color": "brindle", "date_of_birth": "2017-03-08", "weight": "65.2", "medical_history": "Up-to-date on vaccinations", "behavior": "Energetic", "requirements": "Active family", "about": "Rocky is a high-energy dog who loves outdoor activities.", "status": "Available", "application_deadline": "2023-12-22", "city": "Toronto", "province": "ON", "publication_date": "2023-11-15"}}, {"model": "pets.pet", "pk": 6, "fields": {"shelter": 6, "profile_photo": "default.jpg", "name": "Whiskers", "pet_type": "Cat", "breed": "Maine Coon", "gender": "Male", "color": "orange tabby", "date_of_birth": "2019-11-30", "weight": "12.3", "medical_history": "Neutered, Vaccinated", "behavior": "Gentle", "requirements": "Quiet home", "about": "Whiskers is a large and gentle cat who enjoys lounging and being pampered.", "status": "Available", "application_deadline": "2023-12-25", "city": "Ottawa", "province": "ON", "publication_date": "2023-11-15"}}, {"model": "pets.pet", "pk": 7, "fields": {"shelter": 7, "profile_photo": "default.jpg", "name": "Babou", "pet_type": "Other", "breed": "None", "gender": "Male", "color": "golden yellow", "date_of_birth": "2017-03-08", "weight": "65.2", "medical_history": "Up-to-date on vaccinations", "behavior": "Energetic", "requirements": "Active family", "about": "Babou reeks of piss.", "status": "Available", "application_deadline": "2023-12-22", "city": "Toronto", "province": "ON", "publication_date": "2023-11-15"}}, {"model": "pets.pet", "pk": 8, "fields": {"shelter": 8, "profile_photo": "default.jpg", "name": "Daisy", "pet_type": "Dog", "breed": "Labrador Retriever", "gender": "Female", "color": "chocolate", "date_of_birth": "2016-09-05", "weight": "55.8", "medical_history": "Spayed, Vaccinated", "behavior": "Loyal", "requirements": "Experienced dog owner", "about": "Daisy is a loyal companion who enjoys long walks and playtime.", "status": "Available", "application_deadline": "2023-12-28", "city": "Edmonton", "province": "AB", "publication_date": "2023-11-15"}}, {"model": "pets.pet", "pk": 9, "fields": {"shelter": 9, "profile_photo": "default.jpg", "name": "Simba", "pet_type": "Cat", "breed": "Persian", "gender": "Male", "color": "white", "date_of_birth": "2017-07-12", "weight": "10.1", "medical_history": "Up-to-date on vaccinations", "behavior": "Regal", "requirements": "Grooming needs", "about": "Simba is a regal cat with a luxurious coat who enjoys lounging in sunny spots.", "status": "Available", "application_deadline": "2023-12-30", "city": "Vancouver", "province": "BC", "publication_date": "2023-11-15"}}, {"model": "pets.pet", "pk": 10, "fields": {"shelter": 9, "profile_photo": "default.jpg", "name": "Charlie", "pet_type": "Dog", "breed": "Dachshund", "gender": "Male", "color": "black and tan", "date_of_birth": "2020-04-18", "weight": "12.5", "medical_history": "Neutered, Vaccinated", "behavior": "Curious", "requirements": "Secure backyard", "about": "Charlie is a curious and playful Dachshund who loves exploring.", "status": "Available", "application_deadline": "2023-12-31", "city": "Calgary", "province": "AB", "publication_date": "2023-11-15"}}, {"model": "pets.pet", "pk": 11, "fields": {"shelter": 10, "profile_photo": "default.jpg", "name": "Bianca", "pet_type": "Bird", "breed": "Pelican", "gender": "Female", "color": "rainbow", "date_of_birth": "2003-11-12", "weight": "3.5", "medical_history": "None", "behavior": "erratic", "requirements": "Yser", "about": "Bianca is lively", "status": "Adopted", "application_deadline": "2023-12-12", "city": "Calgary", "province": "AB", "publication_date": "2023-11-15"}}, {"model": "pets.pet", "pk": 12, "fields": {"shelter": 1, "profile_photo": "default.jpg", "name": "Bianca", "pet_type": "Bird", "breed": "Pelican", "gender": "Female", "color": "rainbow", "date_of_birth": "2003-11-12", "weight": "3.5", "medical_history": "None", "behavior": "erratic", "requirements": "Yser", "about": "Bianca is lively", "status": "Available", "application_deadline": "2023-12-12", "city": "Calgary", "province": "AB", "publication_date": "2023-11-15"}}, {"model": "pets.application", "pk": 1, "fields": {"pet": 1, "seeker": 1, "shelter": 1, "application_status": "Pending", "creation_time": "2023-11-15T15:38:51.013Z", "last_update_time": "2023-11-15T15:38:51.013Z", "name": "Julia", "phone_number": "1234567890", "email": "example@gmail.com", "address1": "123 Idontcare Lane", "address2": "Not Applicable", "city": "Toronto", "province": "ON", "zip_code": "123456", "num_adults": 2, "num_children": 0, "residence": "House", "ownership": "Own", "pet_alone_time": "Never Alone", "current_pets": "I hate pets", "daily_routine": "sleep and cry and repeat", "expenses": "Many", "previous_pets": "dead", "reason": "I want pet", "reference_name": "Sohee", "reference_number": "0987654321", "reference_email": "example2@mail.com", "additional_comments": "Nope"}}, {"model": "pets.application", "pk": 2, "fields": {"pet": 10, "seeker": 1, "shelter": 9, "application_status": "Pending", "creation_time": "2023-11-15T15:39:28.838Z", "last_update_time": "2023-11-15T15:39:28.838Z", "name": "Julia", "phone_number": "1234567890", "email": "example@gmail.com", "address1": "123 Idontcare Lane", "address2": "Not Applicable", "city": "Toronto", "province": "ON", "zip_code": "123456", "num_adults": 2, "num_children": 0, "residence": "House", "ownership": "Own", "pet_alone_time": "Never Alone", "current_pets": "I hate pets", "daily_routine": "sleep and cry and repeat", "expenses": "Many", "previous_pets": "dead", "reason": "I want pet", "reference_name": "Sohee", "reference_number": "0987654321", "reference_email": "example2@mail.com", "additional_comments": "Nope"}}, {"model": "pets.application", "pk": 3, "fields": {"pet": 2, "seeker": 2, "shelter": 2, "application_status": "Pending", "creation_time": "2023-11-15T15:40:46.090Z", "last_update_time": "2023-11-15T15:40:46.090Z", "name": "Rumaisa", "phone_number": "1234567890", "email": "example@gmail.com", "address1": "123 Idontcare Lane", "address2": "Not Applicable", "city": "Toronto", "province": "ON", "zip_code": "123456", "num_adults": 2, "num_children": 0, "residence": "House", "ownership": "Own", "pet_alone_time": "Never Alone", "current_pets": "I hate pets", "daily_routine": "sleep and cry and repeat", "expenses": "Many", "previous_pets": "dead", "reason": "I want pet", "reference_name": "Sohee", "reference_number": "0987654321", "reference_email": "example2@mail.com", "additional_comments": "Nope"}}, {"model": "pets.application", "pk": 4, "fields": {"pet": 9, "seeker": 2, "shelter": 9, "application_status": "Pending", "creation_time": "2023-11-15T15:41:13.577Z", "last_update_time": "2023-11-15T15:41:13.577Z", "name": "Rumaisa", "phone_number": "1234567890", "email": "example@gmail.com", "address1": "123 Idontcare Lane", "address2": "Not Applicable", "city": "Toronto", "province": "ON", "zip_code": "123456", "num_adults": 2, "num_children": 0, "residence": "House", "ownership": "Own", "pet_alone_time": "Never Alone", "current_pets": "I hate pets", "daily_routine": "sleep and cry and repeat", "expenses": "Many", "previous_pets": "dead", "reason": "I want pet", "reference_name": "Sohee", "reference_number": "0987654321", "reference_email": "example2@mail.com", "additional_comments": "Nope"}}, {"model": "pets.application", "pk": 5, "fields": {"pet": 3, "seeker": 3, "shelter": 3, "application_status": "Pending", "creation_time": "2023-11-15T15:41:51.437Z", "last_update_time": "2023-11-15T15:41:51.437Z", "name": "Sohee", "phone_number": "1234567890", "email": "example@gmail.com", "address1": "123 Idontcare Lane", "address2": "Not Applicable", "city": "Toronto", "province": "ON", "zip_code": "123456", "num_adults": 2, "num_children": 0, "residence": "House", "ownership": "Own", "pet_alone_time": "Never Alone", "current_pets": "I hate pets", "daily_routine": "sleep and cry and repeat", "expenses": "Many", "previous_pets": "dead", "reason": "I want pet", "reference_name": "Sohee", "reference_number": "0987654321", "reference_email": "example2@mail.com", "additional_comments": "Nope"}}, {"model": "pets.application", "pk": 6, "fields": {"pet": 8, "seeker": 3, "shelter": 8, "application_status": "Pending", "creation_time": "2023-11-15T15:42:06.707Z", "last_update_time": "2023-11-15T15:42:06.707Z", "name": "Sohee", "phone_number": "1234567890", "email": "example@gmail.com", "address1": "123 Idontcare Lane", "address2": "Not Applicable", "city": "Toronto", "province": "ON", "zip_code": "123456", "num_adults": 2, "num_children": 0, "residence": "House", "ownership": "Own", "pet_alone_time": "Never Alone", "current_pets": "I hate pets", "daily_routine": "sleep and cry and repeat", "expenses": "Many", "previous_pets": "dead", "reason": "I want pet", "reference_name": "Sohee", "reference_number": "0987654321", "reference_email": "example2@mail.com", "additional_comments": "Nope"}}, {"model": "pets.application", "pk": 7, "fields": {"pet": 4, "seeker": 4, "shelter": 4, "application_status": "Pending", "creation_time": "2023-11-15T15:45:09.898Z", "last_update_time": "2023-11-15T15:45:09.898Z", "name": "Alice", "phone_number": "1234567890", "email": "example@gmail.com", "address1": "123 Idontcare Lane", "address2": "Not Applicable", "city": "Toronto", "province": "ON", "zip_code": "123456", "num_adults": 2, "num_children": 0, "residence": "House", "ownership": "Own", "pet_alone_time": "Never Alone", "current_pets": "I hate pets", "daily_routine": "sleep and cry and repeat", "expenses": "Many", "previous_pets": "dead", "reason": "I want pet", "reference_name": "Sohee", "reference_number": "0987654321", "reference_email": "example2@mail.com", "additional_comments": "Nope"}}, {"model": "pets.application", "pk": 8, "fields": {"pet": 7, "seeker": 4, "shelter": 7, "application_status": "Pending", "creation_time": "2023-11-15T15:45:38.474Z", "last_update_time": "2023-11-15T15:45:38.474Z", "name": "Alice", "phone_number": "1234567890", "email": "example@gmail.com", "address1": "123 Idontcare Lane", "address2": "Not Applicable", "city": "Toronto", "province": "ON", "zip_code": "123456", "num_adults": 2, "num_children": 0, "residence": "House", "ownership": "Own", "pet_alone_time": "Never Alone", "current_pets": "I hate pets", "daily_routine": "sleep and cry and repeat", "expenses": "Many", "previous_pets": "dead", "reason": "I want pet", "reference_name": "Sohee", "reference_number": "0987654321", "reference_email": "example2@mail.com", "additional_comments": "Nope"}}, {"model": "pets.application", "pk": 9, "fields": {"pet": 5, "seeker": 5, "shelter": 5, "application_status": "Pending", "creation_time": "2023-11-15T15:47:02.721Z", "last_update_time": "2023-11-15T15:47:02.721Z", "name": "Bob", "phone_number": "1234567890", "email": "example@gmail.com", "address1": "123 Idontcare Lane", "address2": "Not Applicable", "city": "Toronto", "province": "ON", "zip_code": "123456", "num_adults": 2, "num_children": 0, "residence": "House", "ownership": "Own", "pet_alone_time": "Never Alone", "current_pets": "I hate pets", "daily_routine": "sleep and cry and repeat", "expenses": "Many", "previous_pets": "dead", "reason": "I want pet", "reference_name": "Sohee", "reference_number": "0987654321", "reference_email": "example2@mail.com", "additional_comments": "Nope"}}, {"model": "pets.application", "pk": 10, "fields": {"pet": 6, "seeker": 5, "shelter": 6, "application_status": "Pending", "creation_time": "2023-11-15T15:47:13.783Z", "last_update_time": "2023-11-15T15:47:13.783Z", "name": "Bob", "phone_number": "1234567890", "email": "example@gmail.com", "address1": "123 Idontcare Lane", "address2": "Not Applicable", "city": "Toronto", "province": "ON", "zip_code": "123456", "num_adults": 2, "num_children": 0, "residence": "House", "ownership": "Own", "pet_alone_time": "Never Alone", "current_pets": "I hate pets", "daily_routine": "sleep and cry and repeat", "expenses": "Many", "previous_pets": "dead", "reason": "I want pet", "reference_name": "Sohee", "reference_number": "0987654321", "reference_email": "example2@mail.com", "additional_comments": "Nope"}}, {"model": "pets.application", "pk": 11, "fields": {"pet": 6, "seeker": 6, "shelter": 6, "application_status": "Pending", "creation_time": "2023-11-15T15:49:30.642Z", "last_update_time": "2023-11-15T15:49:30.642Z", "name": "Charlie", "phone_number": "1234567890", "email": "example@gmail.com", "address1": "123 Idontcare Lane", "address2": "Not Applicable", "city": "Toronto", "province": "ON", "zip_code": "123456", "num_adults": 2, "num_children": 0, "residence": "House", "ownership": "Own", "pet_alone_time": "Never Alone", "current_pets": "I hate pets", "daily_routine": "sleep and cry and repeat", "expenses": "Many", "previous_pets": "dead", "reason": "I want pet", "reference_name": "Sohee", "reference_number": "0987654321", "reference_email": "example2@mail.com", "additional_comments": "Nope"}}, {"model": "pets.application", "pk": 12, "fields": {"pet": 5, "seeker": 6, "shelter": 5, "application_status": "Pending", "creation_time": "2023-11-15T15:49:42.873Z", "last_update_time": "2023-11-15T15:49:42.873Z", "name": "Charlie", "phone_number": "1234567890", "email": "example@gmail.com", "address1": "123 Idontcare Lane", "address2": "Not Applicable", "city": "Toronto", "province": "ON", "zip_code": "123456", "num_adults": 2, "num_children": 0, "residence": "House", "ownership": "Own", "pet_alone_time": "Never Alone", "current_pets": "I hate pets", "daily_routine": "sleep and cry and repeat", "expenses": "Many", "previous_pets": "dead", "reason": "I want pet", "reference_name": "Sohee", "reference_number": "0987654321", "reference_email": "example2@mail.com", "additional_comments": "Nope"}}, {"model": "pets.application", "pk": 13, "fields": {"pet": 7, "seeker": 7, "shelter": 7, "application_status": "Pending", "creation_time": "2023-11-15T15:50:23.404Z", "last_update_time": "2023-11-15T15:50:23.404Z", "name": "David", "phone_number": "1234567890", "email": "example@gmail.com", "address1": "123 Idontcare Lane", "address2": "Not Applicable", "city": "Toronto", "province": "ON", "zip_code": "123456", "num_adults": 2, "num_children": 0, "residence": "House", "ownership": "Own", "pet_alone_time": "Never Alone", "current_pets": "I hate pets", "daily_routine": "sleep and cry and repeat", "expenses": "Many", "previous_pets": "dead", "reason": "I want pet", "reference_name": "Sohee", "reference_number": "0987654321", "reference_email": "example2@mail.com", "additional_comments": "Nope"}}, {"model": "pets.application", "pk": 14, "fields": {"pet": 4, "seeker": 7, "shelter": 4, "application_status": "Pending", "creation_time": "2023-11-15T15:50:47.977Z", "last_update_time": "2023-11-15T15:50:47.977Z", "name": "David", "phone_number": "1234567890", "email": "example@gmail.com", "address1": "123 Idontcare Lane", "address2": "Not Applicable", "city": "Toronto", "province": "ON", "zip_code": "123456", "num_adults": 2, "num_children": 0, "residence": "House", "ownership": "Own", "pet_alone_time": "Never Alone", "current_pets": "I hate pets", "daily_routine": "sleep and cry and repeat", "expenses": "Many", "previous_pets": "dead", "reason": "I want pet", "reference_name": "Sohee", "reference_number": "0987654321", "reference_email": "example2@mail.com", "additional_comments": "Nope"}}, {"model": "pets.application", "pk": 15, "fields": {"pet": 8, "seeker": 8, "shelter": 8, "application_status": "Pending", "creation_time": "2023-11-15T15:52:12.936Z", "last_update_time": "2023-11-15T15:52:12.936Z", "name": "Eva", "phone_number": "1234567890", "email": "example@gmail.com", "address1": "123 Idontcare Lane", "address2": "Not Applicable", "city": "Toronto", "province": "ON", "zip_code": "123456", "num_adults": 2, "num_children": 0, "residence": "House", "ownership": "Own", "pet_alone_time": "Never Alone", "current_pets": "I hate pets", "daily_routine": "sleep and cry and repeat", "expenses": "Many", "previous_pets": "dead", "reason": "I want pet", "reference_name": "Sohee", "reference_number": "0987654321", "reference_email": "example2@mail.com", "additional_comments": "Nope"}}, {"model": "pets.application", "pk": 16, "fields": {"pet": 3, "seeker": 8, "shelter": 3, "application_status": "Pending", "creation_time": "2023-11-15T15:52:18.235Z", "last_update_time": "2023-11-15T15:52:18.235Z", "name": "Eva", "phone_number": "1234567890", "email": "example@gmail.com", "address1": "123 Idontcare Lane", "address2": "Not Applicable", "city": "Toronto", "province": "ON", "zip_code": "123456", "num_adults": 2, "num_children": 0, "residence": "House", "ownership": "Own", "pet_alone_time": "Never Alone", "current_pets": "I hate pets", "daily_routine": "sleep and cry and repeat", "expenses": "Many", "previous_pets": "dead", "reason": "I want pet", "reference_name": "Sohee", "reference_number": "0987654321", "reference_email": "example2@mail.com", "additional_comments": "Nope"}}, {"model": "pets.application", "pk": 17, "fields": {"pet": 9, "seeker": 9, "shelter": 9, "application_status": "Pending", "creation_time": "2023-11-15T15:53:20.173Z", "last_update_time": "2023-11-15T15:53:20.173Z", "name": "Emma", "phone_number": "1234567890", "email": "example@gmail.com", "address1": "123 Idontcare Lane", "address2": "Not Applicable", "city": "Toronto", "province": "ON", "zip_code": "123456", "num_adults": 2, "num_children": 0, "residence": "House", "ownership": "Own", "pet_alone_time": "Never Alone", "current_pets": "I hate pets", "daily_routine": "sleep and cry and repeat", "expenses": "Many", "previous_pets": "dead", "reason": "I want pet", "reference_name": "Sohee", "reference_number": "0987654321", "reference_email": "example2@mail.com", "additional_comments": "Nope"}}, {"model": "pets.application", "pk": 18, "fields": {"pet": 2, "seeker": 9, "shelter": 2, "application_status": "Pending", "creation_time": "2023-11-15T15:53:28.411Z", "last_update_time": "2023-11-15T15:53:28.411Z", "name": "Emma", "phone_number": "1234567890", "email": "example@gmail.com", "address1": "123 Idontcare Lane", "address2": "Not Applicable", "city": "Toronto", "province": "ON", "zip_code": "123456", "num_adults": 2, "num_children": 0, "residence": "House", "ownership": "Own", "pet_alone_time": "Never Alone", "current_pets": "I hate pets", "daily_routine": "sleep and cry and repeat", "expenses": "Many", "previous_pets": "dead", "reason": "I want pet", "reference_name": "Sohee", "reference_number": "0987654321", "reference_email": "example2@mail.com", "additional_comments": "Nope"}}, {"model": "pets.application", "pk": 19, "fields": {"pet": 10, "seeker": 10, "shelter": 9, "application_status": "Pending", "creation_time": "2023-11-15T15:54:46.756Z", "last_update_time": "2023-11-15T15:54:46.757Z", "name": "Grace", "phone_number": "1234567890", "email": "example@gmail.com", "address1": "123 Idontcare Lane", "address2": "Not Applicable", "city": "Toronto", "province": "ON", "zip_code": "123456", "num_adults": 2, "num_children": 0, "residence": "House", "ownership": "Own", "pet_alone_time": "Never Alone", "current_pets": "I hate pets", "daily_routine": "sleep and cry and repeat", "expenses": "Many", "previous_pets": "dead", "reason": "I want pet", "reference_name": "Sohee", "reference_number": "0987654321", "reference_email": "example2@mail.com", "additional_comments": "Nope"}}, {"model": "pets.application", "pk": 20, "fields": {"pet": 1, "seeker": 10, "shelter": 1, "application_status": "Pending", "creation_time": "2023-11-15T15:54:54.854Z", "last_update_time": "2023-11-15T15:54:54.854Z", "name": "Grace", "phone_number": "1234567890", "email": "example@gmail.com", "address1": "123 Idontcare Lane", "address2": "Not Applicable", "city": "Toronto", "province": "ON", "zip_code": "123456", "num_adults": 2, "num_children": 0, "residence": "House", "ownership": "Own", "pet_alone_time": "Never Alone", "current_pets": "I hate pets", "daily_routine": "sleep and cry and repeat", "expenses": "Many", "previous_pets": "dead", "reason": "I want pet", "reference_name": "Sohee", "reference_number": "0987654321", "reference_email": "example2@mail.com", "additional_comments": "Nope"}}, {"model": "notifications.notifications", "pk": 1, "fields": {"sender": 11, "receiver": 1, "notification_type": "new_pet", "notification_object": 1, "link": "/pet/1/", "read": false, "date_created": "2023-11-15T14:54:58.197Z"}}, {"model": "notifications.notifications", "pk": 2, "fields": {"sender": 11, "receiver": 2, "notification_type": "new_pet", "notification_object": 1, "link": "/pet/1/", "read": false, "date_created": "2023-11-15T14:54:58.208Z"}}, {"model": "notifications.notifications", "pk": 3, "fields": {"sender": 11, "receiver": 3, "notification_type": "new_pet", "notification_object": 1, "link": "/pet/1/", "read": false, "date_created": "2023-11-15T14:54:58.216Z"}}, {"model": "notifications.notifications", "pk": 4, "fields": {"sender": 11, "receiver": 4, "notification_type": "new_pet", "notification_object": 1, "link": "/pet/1/", "read": false, "date_created": "2023-11-15T14:54:58.223Z"}}, {"model": "notifications.notifications", "pk": 5, "fields": {"sender": 11, "receiver": 5, "notification_type": "new_pet", "notification_object": 1, "link": "/pet/1/", "read": false, "date_created": "2023-11-15T14:54:58.231Z"}}, {"model": "notifications.notifications", "pk": 6, "fields": {"sender": 11, "receiver": 6, "notification_type": "new_pet", "notification_object": 1, "link": "/pet/1/", "read": false, "date_created": "2023-11-15T14:54:58.241Z"}}, {"model": "notifications.notifications", "pk": 7, "fields": {"sender": 11, "receiver": 7, "notification_type": "new_pet", "notification_object": 1, "link": "/pet/1/", "read": false, "date_created": "2023-11-15T14:54:58.250Z"}}, {"model": "notifications.notifications", "pk": 8, "fields": {"sender": 11, "receiver": 8, "notification_type": "new_pet", "notification_object": 1, "link": "/pet/1/", "read": false, "date_created": "2023-11-15T14:54:58.258Z"}}, {"model": "notifications.notifications", "pk": 9, "fields": {"sender": 11, "receiver": 9, "notification_type": "new_pet", "notification_object": 1, "link": "/pet/1/", "read": false, "date_created": "2023-11-15T14:54:58.265Z"}}, {"model": "notifications.notifications", "pk": 10, "fields": {"sender": 11, "receiver": 10, "notification_type": "new_pet", "notification_object": 1, "link": "/pet/1/", "read": false, "date_created": "2023-11-15T14:54:58.272Z"}}, {"model": "notifications.notifications", "pk": 11, "fields": {"sender": 12, "receiver": 1, "notification_type": "new_pet", "notification_object": 2, "link": "/pet/2/", "read": false, "date_created": "2023-11-15T15:02:45.850Z"}}, {"model": "notifications.notifications", "pk": 12, "fields": {"sender": 12, "receiver": 2, "notification_type": "new_pet", "notification_object": 2, "link": "/pet/2/", "read": false, "date_created": "2023-11-15T15:02:45.861Z"}}, {"model": "notifications.notifications", "pk": 13, "fields": {"sender": 12, "receiver": 3, "notification_type": "new_pet", "notification_object": 2, "link": "/pet/2/", "read": false, "date_created": "2023-11-15T15:02:45.875Z"}}, {"model": "notifications.notifications", "pk": 14, "fields": {"sender": 12, "receiver": 4, "notification_type": "new_pet", "notification_object": 2, "link": "/pet/2/", "read": false, "date_created": "2023-11-15T15:02:45.882Z"}}, {"model": "notifications.notifications", "pk": 15, "fields": {"sender": 12, "receiver": 5, "notification_type": "new_pet", "notification_object": 2, "link": "/pet/2/", "read": false, "date_created": "2023-11-15T15:02:45.889Z"}}, {"model": "notifications.notifications", "pk": 16, "fields": {"sender": 12, "receiver": 6, "notification_type": "new_pet", "notification_object": 2, "link": "/pet/2/", "read": false, "date_created": "2023-11-15T15:02:45.896Z"}}, {"model": "notifications.notifications", "pk": 17, "fields": {"sender": 12, "receiver": 7, "notification_type": "new_pet", "notification_object": 2, "link": "/pet/2/", "read": false, "date_created": "2023-11-15T15:02:45.903Z"}}, {"model": "notifications.notifications", "pk": 18, "fields": {"sender": 12, "receiver": 8, "notification_type": "new_pet", "notification_object": 2, "link": "/pet/2/", "read": false, "date_created": "2023-11-15T15:02:45.911Z"}}, {"model": "notifications.notifications", "pk": 19, "fields": {"sender": 12, "receiver": 9, "notification_type": "new_pet", "notification_object": 2, "link": "/pet/2/", "read": false, "date_created": "2023-11-15T15:02:45.918Z"}}, {"model": "notifications.notifications", "pk": 20, "fields": {"sender": 12, "receiver": 10, "notification_type": "new_pet", "notification_object": 2, "link": "/pet/2/", "read": false, "date_created": "2023-11-15T15:02:45.925Z"}}, {"model": "notifications.notifications", "pk": 21, "fields": {"sender": 13, "receiver": 1, "notification_type": "new_pet", "notification_object": 3, "link": "/pet/3/", "read": false, "date_created": "2023-11-15T15:03:32.793Z"}}, {"model": "notifications.notifications", "pk": 22, "fields": {"sender": 13, "receiver": 2, "notification_type": "new_pet", "notification_object": 3, "link": "/pet/3/", "read": false, "date_created": "2023-11-15T15:03:32.800Z"}}, {"model": "notifications.notifications", "pk": 23, "fields": {"sender": 13, "receiver": 3, "notification_type": "new_pet", "notification_object": 3, "link": "/pet/3/", "read": false, "date_created": "2023-11-15T15:03:32.825Z"}}, {"model": "notifications.notifications", "pk": 24, "fields": {"sender": 13, "receiver": 4, "notification_type": "new_pet", "notification_object": 3, "link": "/pet/3/", "read": false, "date_created": "2023-11-15T15:03:32.831Z"}}, {"model": "notifications.notifications", "pk": 25, "fields": {"sender": 13, "receiver": 5, "notification_type": "new_pet", "notification_object": 3, "link": "/pet/3/", "read": false, "date_created": "2023-11-15T15:03:32.839Z"}}, {"model": "notifications.notifications", "pk": 26, "fields": {"sender": 13, "receiver": 6, "notification_type": "new_pet", "notification_object": 3, "link": "/pet/3/", "read": false, "date_created": "2023-11-15T15:03:32.846Z"}}, {"model": "notifications.notifications", "pk": 27, "fields": {"sender": 13, "receiver": 7, "notification_type": "new_pet", "notification_object": 3, "link": "/pet/3/", "read": false, "date_created": "2023-11-15T15:03:32.853Z"}}, {"model": "notifications.notifications", "pk": 28, "fields": {"sender": 13, "receiver": 8, "notification_type": "new_pet", "notification_object": 3, "link": "/pet/3/", "read": false, "date_created": "2023-11-15T15:03:32.862Z"}}, {"model": "notifications.notifications", "pk": 29, "fields": {"sender": 13, "receiver": 9, "notification_type": "new_pet", "notification_object": 3, "link": "/pet/3/", "read": false, "date_created": "2023-11-15T15:03:32.868Z"}}, {"model": "notifications.notifications", "pk": 30, "fields": {"sender": 13, "receiver": 10, "notification_type": "new_pet", "notification_object": 3, "link": "/pet/3/", "read": false, "date_created": "2023-11-15T15:03:32.876Z"}}, {"model": "notifications.notifications", "pk": 31, "fields": {"sender": 14, "receiver": 1, "notification_type": "new_pet", "notification_object": 4, "link": "/pet/4/", "read": false, "date_created": "2023-11-15T15:04:46.732Z"}}, {"model": "notifications.notifications", "pk": 32, "fields": {"sender": 14, "receiver": 2, "notification_type": "new_pet", "notification_object": 4, "link": "/pet/4/", "read": false, "date_created": "2023-11-15T15:04:46.739Z"}}, {"model": "notifications.notifications", "pk": 33, "fields": {"sender": 14, "receiver": 3, "notification_type": "new_pet", "notification_object": 4, "link": "/pet/4/", "read": false, "date_created": "2023-11-15T15:04:46.747Z"}}, {"model": "notifications.notifications", "pk": 34, "fields": {"sender": 14, "receiver": 4, "notification_type": "new_pet", "notification_object": 4, "link": "/pet/4/", "read": false, "date_created": "2023-11-15T15:04:46.754Z"}}, {"model": "notifications.notifications", "pk": 35, "fields": {"sender": 14, "receiver": 5, "notification_type": "new_pet", "notification_object": 4, "link": "/pet/4/", "read": false, "date_created": "2023-11-15T15:04:46.762Z"}}, {"model": "notifications.notifications", "pk": 36, "fields": {"sender": 14, "receiver": 6, "notification_type": "new_pet", "notification_object": 4, "link": "/pet/4/", "read": false, "date_created": "2023-11-15T15:04:46.768Z"}}, {"model": "notifications.notifications", "pk": 37, "fields": {"sender": 14, "receiver": 7, "notification_type": "new_pet", "notification_object": 4, "link": "/pet/4/", "read": false, "date_created": "2023-11-15T15:04:46.777Z"}}, {"model": "notifications.notifications", "pk": 38, "fields": {"sender": 14, "receiver": 8, "notification_type": "new_pet", "notification_object": 4, "link": "/pet/4/", "read": false, "date_created": "2023-11-15T15:04:46.784Z"}}, {"model": "notifications.notifications", "pk": 39, "fields": {"sender": 14, "receiver": 9, "notification_type": "new_pet", "notification_object": 4, "link": "/pet/4/", "read": false, "date_created": "2023-11-15T15:04:46.791Z"}}, {"model": "notifications.notifications", "pk": 40, "fields": {"sender": 14, "receiver": 10, "notification_type": "new_pet", "notification_object": 4, "link": "/pet/4/", "read": false, "date_created": "2023-11-15T15:04:46.798Z"}}, {"model": "notifications.notifications", "pk": 41, "fields": {"sender": 15, "receiver": 1, "notification_type": "new_pet", "notification_object": 5, "link": "/pet/5/", "read": false, "date_created": "2023-11-15T15:06:32.421Z"}}, {"model": "notifications.notifications", "pk": 42, "fields": {"sender": 15, "receiver": 2, "notification_type": "new_pet", "notification_object": 5, "link": "/pet/5/", "read": false, "date_created": "2023-11-15T15:06:32.430Z"}}, {"model": "notifications.notifications", "pk": 43, "fields": {"sender": 15, "receiver": 3, "notification_type": "new_pet", "notification_object": 5, "link": "/pet/5/", "read": false, "date_created": "2023-11-15T15:06:32.437Z"}}, {"model": "notifications.notifications", "pk": 44, "fields": {"sender": 15, "receiver": 4, "notification_type": "new_pet", "notification_object": 5, "link": "/pet/5/", "read": false, "date_created": "2023-11-15T15:06:32.443Z"}}, {"model": "notifications.notifications", "pk": 45, "fields": {"sender": 15, "receiver": 5, "notification_type": "new_pet", "notification_object": 5, "link": "/pet/5/", "read": false, "date_created": "2023-11-15T15:06:32.449Z"}}, {"model": "notifications.notifications", "pk": 46, "fields": {"sender": 15, "receiver": 6, "notification_type": "new_pet", "notification_object": 5, "link": "/pet/5/", "read": false, "date_created": "2023-11-15T15:06:32.455Z"}}, {"model": "notifications.notifications", "pk": 47, "fields": {"sender": 15, "receiver": 7, "notification_type": "new_pet", "notification_object": 5, "link": "/pet/5/", "read": false, "date_created": "2023-11-15T15:06:32.462Z"}}, {"model": "notifications.notifications", "pk": 48, "fields": {"sender": 15, "receiver": 8, "notification_type": "new_pet", "notification_object": 5, "link": "/pet/5/", "read": false, "date_created": "2023-11-15T15:06:32.468Z"}}, {"model": "notifications.notifications", "pk": 49, "fields": {"sender": 15, "receiver": 9, "notification_type": "new_pet", "notification_object": 5, "link": "/pet/5/", "read": false, "date_created": "2023-11-15T15:06:32.475Z"}}, {"model": "notifications.notifications", "pk": 50, "fields": {"sender": 15, "receiver": 10, "notification_type": "new_pet", "notification_object": 5, "link": "/pet/5/", "read": false, "date_created": "2023-11-15T15:06:32.481Z"}}, {"model": "notifications.notifications", "pk": 51, "fields": {"sender": 16, "receiver": 1, "notification_type": "new_pet", "notification_object": 6, "link": "/pet/6/", "read": false, "date_created": "2023-11-15T15:07:14.815Z"}}, {"model": "notifications.notifications", "pk": 52, "fields": {"sender": 16, "receiver": 2, "notification_type": "new_pet", "notification_object": 6, "link": "/pet/6/", "read": false, "date_created": "2023-11-15T15:07:14.824Z"}}, {"model": "notifications.notifications", "pk": 53, "fields": {"sender": 16, "receiver": 3, "notification_type": "new_pet", "notification_object": 6, "link": "/pet/6/", "read": false, "date_created": "2023-11-15T15:07:14.831Z"}}, {"model": "notifications.notifications", "pk": 54, "fields": {"sender": 16, "receiver": 4, "notification_type": "new_pet", "notification_object": 6, "link": "/pet/6/", "read": false, "date_created": "2023-11-15T15:07:14.837Z"}}, {"model": "notifications.notifications", "pk": 55, "fields": {"sender": 16, "receiver": 5, "notification_type": "new_pet", "notification_object": 6, "link": "/pet/6/", "read": false, "date_created": "2023-11-15T15:07:14.845Z"}}, {"model": "notifications.notifications", "pk": 56, "fields": {"sender": 16, "receiver": 6, "notification_type": "new_pet", "notification_object": 6, "link": "/pet/6/", "read": false, "date_created": "2023-11-15T15:07:14.850Z"}}, {"model": "notifications.notifications", "pk": 57, "fields": {"sender": 16, "receiver": 7, "notification_type": "new_pet", "notification_object": 6, "link": "/pet/6/", "read": false, "date_created": "2023-11-15T15:07:14.858Z"}}, {"model": "notifications.notifications", "pk": 58, "fields": {"sender": 16, "receiver": 8, "notification_type": "new_pet", "notification_object": 6, "link": "/pet/6/", "read": false, "date_created": "2023-11-15T15:07:14.866Z"}}, {"model": "notifications.notifications", "pk": 59, "fields": {"sender": 16, "receiver": 9, "notification_type": "new_pet", "notification_object": 6, "link": "/pet/6/", "read": false, "date_created": "2023-11-15T15:07:14.874Z"}}, {"model": "notifications.notifications", "pk": 60, "fields": {"sender": 16, "receiver": 10, "notification_type": "new_pet", "notification_object": 6, "link": "/pet/6/", "read": false, "date_created": "2023-11-15T15:07:14.882Z"}}, {"model": "notifications.notifications", "pk": 61, "fields": {"sender": 17, "receiver": 1, "notification_type": "new_pet", "notification_object": 7, "link": "/pet/7/", "read": false, "date_created": "2023-11-15T15:13:42.935Z"}}, {"model": "notifications.notifications", "pk": 62, "fields": {"sender": 17, "receiver": 2, "notification_type": "new_pet", "notification_object": 7, "link": "/pet/7/", "read": false, "date_created": "2023-11-15T15:13:42.948Z"}}, {"model": "notifications.notifications", "pk": 63, "fields": {"sender": 17, "receiver": 3, "notification_type": "new_pet", "notification_object": 7, "link": "/pet/7/", "read": false, "date_created": "2023-11-15T15:13:42.957Z"}}, {"model": "notifications.notifications", "pk": 64, "fields": {"sender": 17, "receiver": 4, "notification_type": "new_pet", "notification_object": 7, "link": "/pet/7/", "read": false, "date_created": "2023-11-15T15:13:42.968Z"}}, {"model": "notifications.notifications", "pk": 65, "fields": {"sender": 17, "receiver": 5, "notification_type": "new_pet", "notification_object": 7, "link": "/pet/7/", "read": false, "date_created": "2023-11-15T15:13:42.977Z"}}, {"model": "notifications.notifications", "pk": 66, "fields": {"sender": 17, "receiver": 6, "notification_type": "new_pet", "notification_object": 7, "link": "/pet/7/", "read": false, "date_created": "2023-11-15T15:13:42.988Z"}}, {"model": "notifications.notifications", "pk": 67, "fields": {"sender": 17, "receiver": 7, "notification_type": "new_pet", "notification_object": 7, "link": "/pet/7/", "read": false, "date_created": "2023-11-15T15:13:43Z"}}, {"model": "notifications.notifications", "pk": 68, "fields": {"sender": 17, "receiver": 8, "notification_type": "new_pet", "notification_object": 7, "link": "/pet/7/", "read": false, "date_created": "2023-11-15T15:13:43.010Z"}}, {"model": "notifications.notifications", "pk": 69, "fields": {"sender": 17, "receiver": 9, "notification_type": "new_pet", "notification_object": 7, "link": "/pet/7/", "read": false, "date_created": "2023-11-15T15:13:43.018Z"}}, {"model": "notifications.notifications", "pk": 70, "fields": {"sender": 17, "receiver": 10, "notification_type": "new_pet", "notification_object": 7, "link": "/pet/7/", "read": false, "date_created": "2023-11-15T15:13:43.024Z"}}, {"model": "notifications.notifications", "pk": 71, "fields": {"sender": 18, "receiver": 1, "notification_type": "new_pet", "notification_object": 8, "link": "/pet/8/", "read": false, "date_created": "2023-11-15T15:16:30.087Z"}}, {"model": "notifications.notifications", "pk": 72, "fields": {"sender": 18, "receiver": 2, "notification_type": "new_pet", "notification_object": 8, "link": "/pet/8/", "read": false, "date_created": "2023-11-15T15:16:30.098Z"}}, {"model": "notifications.notifications", "pk": 73, "fields": {"sender": 18, "receiver": 3, "notification_type": "new_pet", "notification_object": 8, "link": "/pet/8/", "read": false, "date_created": "2023-11-15T15:16:30.108Z"}}, {"model": "notifications.notifications", "pk": 74, "fields": {"sender": 18, "receiver": 4, "notification_type": "new_pet", "notification_object": 8, "link": "/pet/8/", "read": false, "date_created": "2023-11-15T15:16:30.119Z"}}, {"model": "notifications.notifications", "pk": 75, "fields": {"sender": 18, "receiver": 5, "notification_type": "new_pet", "notification_object": 8, "link": "/pet/8/", "read": false, "date_created": "2023-11-15T15:16:30.126Z"}}, {"model": "notifications.notifications", "pk": 76, "fields": {"sender": 18, "receiver": 6, "notification_type": "new_pet", "notification_object": 8, "link": "/pet/8/", "read": false, "date_created": "2023-11-15T15:16:30.138Z"}}, {"model": "notifications.notifications", "pk": 77, "fields": {"sender": 18, "receiver": 7, "notification_type": "new_pet", "notification_object": 8, "link": "/pet/8/", "read": false, "date_created": "2023-11-15T15:16:30.148Z"}}, {"model": "notifications.notifications", "pk": 78, "fields": {"sender": 18, "receiver": 8, "notification_type": "new_pet", "notification_object": 8, "link": "/pet/8/", "read": false, "date_created": "2023-11-15T15:16:30.157Z"}}, {"model": "notifications.notifications", "pk": 79, "fields": {"sender": 18, "receiver": 9, "notification_type": "new_pet", "notification_object": 8, "link": "/pet/8/", "read": false, "date_created": "2023-11-15T15:16:30.165Z"}}, {"model": "notifications.notifications", "pk": 80, "fields": {"sender": 18, "receiver": 10, "notification_type": "new_pet", "notification_object": 8, "link": "/pet/8/", "read": false, "date_created": "2023-11-15T15:16:30.171Z"}}, {"model": "notifications.notifications", "pk": 81, "fields": {"sender": 19, "receiver": 1, "notification_type": "new_pet", "notification_object": 9, "link": "/pet/9/", "read": false, "date_created": "2023-11-15T15:17:12.055Z"}}, {"model": "notifications.notifications", "pk": 82, "fields": {"sender": 19, "receiver": 2, "notification_type": "new_pet", "notification_object": 9, "link": "/pet/9/", "read": false, "date_created": "2023-11-15T15:17:12.067Z"}}, {"model": "notifications.notifications", "pk": 83, "fields": {"sender": 19, "receiver": 3, "notification_type": "new_pet", "notification_object": 9, "link": "/pet/9/", "read": false, "date_created": "2023-11-15T15:17:12.076Z"}}, {"model": "notifications.notifications", "pk": 84, "fields": {"sender": 19, "receiver": 4, "notification_type": "new_pet", "notification_object": 9, "link": "/pet/9/", "read": false, "date_created": "2023-11-15T15:17:12.112Z"}}, {"model": "notifications.notifications", "pk": 85, "fields": {"sender": 19, "receiver": 5, "notification_type": "new_pet", "notification_object": 9, "link": "/pet/9/", "read": false, "date_created": "2023-11-15T15:17:12.120Z"}}, {"model": "notifications.notifications", "pk": 86, "fields": {"sender": 19, "receiver": 6, "notification_type": "new_pet", "notification_object": 9, "link": "/pet/9/", "read": false, "date_created": "2023-11-15T15:17:12.128Z"}}, {"model": "notifications.notifications", "pk": 87, "fields": {"sender": 19, "receiver": 7, "notification_type": "new_pet", "notification_object": 9, "link": "/pet/9/", "read": false, "date_created": "2023-11-15T15:17:12.135Z"}}, {"model": "notifications.notifications", "pk": 88, "fields": {"sender": 19, "receiver": 8, "notification_type": "new_pet", "notification_object": 9, "link": "/pet/9/", "read": false, "date_created": "2023-11-15T15:17:12.141Z"}}, {"model": "notifications.notifications", "pk": 89, "fields": {"sender": 19, "receiver": 9, "notification_type": "new_pet", "notification_object": 9, "link": "/pet/9/", "read": false, "date_created": "2023-11-15T15:17:12.149Z"}}, {"model": "notifications.notifications", "pk": 90, "fields": {"sender": 19, "receiver": 10, "notification_type": "new_pet", "notification_object": 9, "link": "/pet/9/", "read": false, "date_created": "2023-11-15T15:17:12.157Z"}}, {"model": "notifications.notifications", "pk": 91, "fields": {"sender": 19, "receiver": 1, "notification_type": "new_pet", "notification_object": 10, "link": "/pet/10/", "read": false, "date_created": "2023-11-15T15:18:10.829Z"}}, {"model": "notifications.notifications", "pk": 92, "fields": {"sender": 19, "receiver": 2, "notification_type": "new_pet", "notification_object": 10, "link": "/pet/10/", "read": false, "date_created": "2023-11-15T15:18:10.848Z"}}, {"model": "notifications.notifications", "pk": 93, "fields": {"sender": 19, "receiver": 3, "notification_type": "new_pet", "notification_object": 10, "link": "/pet/10/", "read": false, "date_created": "2023-11-15T15:18:10.856Z"}}, {"model": "notifications.notifications", "pk": 94, "fields": {"sender": 19, "receiver": 4, "notification_type": "new_pet", "notification_object": 10, "link": "/pet/10/", "read": false, "date_created": "2023-11-15T15:18:10.864Z"}}, {"model": "notifications.notifications", "pk": 95, "fields": {"sender": 19, "receiver": 5, "notification_type": "new_pet", "notification_object": 10, "link": "/pet/10/", "read": false, "date_created": "2023-11-15T15:18:10.872Z"}}, {"model": "notifications.notifications", "pk": 96, "fields": {"sender": 19, "receiver": 6, "notification_type": "new_pet", "notification_object": 10, "link": "/pet/10/", "read": false, "date_created": "2023-11-15T15:18:10.881Z"}}, {"model": "notifications.notifications", "pk": 97, "fields": {"sender": 19, "receiver": 7, "notification_type": "new_pet", "notification_object": 10, "link": "/pet/10/", "read": false, "date_created": "2023-11-15T15:18:10.888Z"}}, {"model": "notifications.notifications", "pk": 98, "fields": {"sender": 19, "receiver": 8, "notification_type": "new_pet", "notification_object": 10, "link": "/pet/10/", "read": false, "date_created": "2023-11-15T15:18:10.896Z"}}, {"model": "notifications.notifications", "pk": 99, "fields": {"sender": 19, "receiver": 9, "notification_type": "new_pet", "notification_object": 10, "link": "/pet/10/", "read": false, "date_created": "2023-11-15T15:18:10.903Z"}}, {"model": "notifications.notifications", "pk": 100, "fields": {"sender": 19, "receiver": 10, "notification_type": "new_pet", "notification_object": 10, "link": "/pet/10/", "read": false, "date_created": "2023-11-15T15:18:10.910Z"}}, {"model": "notifications.notifications", "pk": 101, "fields": {"sender": 1, "receiver": 11, "notification_type": "new_application", "notification_object": 1, "link": "/pet/1/applications/1/", "read": false, "date_created": "2023-11-15T15:38:51.020Z"}}, {"model": "notifications.notifications", "pk": 102, "fields": {"sender": 1, "receiver": 19, "notification_type": "new_application", "notification_object": 2, "link": "/pet/10/applications/2/", "read": false, "date_created": "2023-11-15T15:39:28.843Z"}}, {"model": "notifications.notifications", "pk": 103, "fields": {"sender": 2, "receiver": 12, "notification_type": "new_application", "notification_object": 3, "link": "/pet/2/applications/3/", "read": false, "date_created": "2023-11-15T15:40:46.096Z"}}, {"model": "notifications.notifications", "pk": 104, "fields": {"sender": 2, "receiver": 19, "notification_type": "new_application", "notification_object": 4, "link": "/pet/9/applications/4/", "read": false, "date_created": "2023-11-15T15:41:13.582Z"}}, {"model": "notifications.notifications", "pk": 105, "fields": {"sender": 3, "receiver": 13, "notification_type": "new_application", "notification_object": 5, "link": "/pet/3/applications/5/", "read": false, "date_created": "2023-11-15T15:41:51.444Z"}}, {"model": "notifications.notifications", "pk": 106, "fields": {"sender": 3, "receiver": 18, "notification_type": "new_application", "notification_object": 6, "link": "/pet/8/applications/6/", "read": false, "date_created": "2023-11-15T15:42:06.713Z"}}, {"model": "notifications.notifications", "pk": 107, "fields": {"sender": 4, "receiver": 14, "notification_type": "new_application", "notification_object": 7, "link": "/pet/4/applications/7/", "read": false, "date_created": "2023-11-15T15:45:09.907Z"}}, {"model": "notifications.notifications", "pk": 108, "fields": {"sender": 4, "receiver": 17, "notification_type": "new_application", "notification_object": 8, "link": "/pet/7/applications/8/", "read": false, "date_created": "2023-11-15T15:45:38.480Z"}}, {"model": "notifications.notifications", "pk": 109, "fields": {"sender": 5, "receiver": 15, "notification_type": "new_application", "notification_object": 9, "link": "/pet/5/applications/9/", "read": false, "date_created": "2023-11-15T15:47:02.729Z"}}, {"model": "notifications.notifications", "pk": 110, "fields": {"sender": 5, "receiver": 16, "notification_type": "new_application", "notification_object": 10, "link": "/pet/6/applications/10/", "read": false, "date_created": "2023-11-15T15:47:13.795Z"}}, {"model": "notifications.notifications", "pk": 111, "fields": {"sender": 6, "receiver": 16, "notification_type": "new_application", "notification_object": 11, "link": "/pet/6/applications/11/", "read": false, "date_created": "2023-11-15T15:49:30.648Z"}}, {"model": "notifications.notifications", "pk": 112, "fields": {"sender": 6, "receiver": 15, "notification_type": "new_application", "notification_object": 12, "link": "/pet/5/applications/12/", "read": false, "date_created": "2023-11-15T15:49:42.885Z"}}, {"model": "notifications.notifications", "pk": 113, "fields": {"sender": 7, "receiver": 17, "notification_type": "new_application", "notification_object": 13, "link": "/pet/7/applications/13/", "read": false, "date_created": "2023-11-15T15:50:23.414Z"}}, {"model": "notifications.notifications", "pk": 114, "fields": {"sender": 7, "receiver": 14, "notification_type": "new_application", "notification_object": 14, "link": "/pet/4/applications/14/", "read": false, "date_created": "2023-11-15T15:50:47.983Z"}}, {"model": "notifications.notifications", "pk": 115, "fields": {"sender": 8, "receiver": 18, "notification_type": "new_application", "notification_object": 15, "link": "/pet/8/applications/15/", "read": false, "date_created": "2023-11-15T15:52:12.946Z"}}, {"model": "notifications.notifications", "pk": 116, "fields": {"sender": 8, "receiver": 13, "notification_type": "new_application", "notification_object": 16, "link": "/pet/3/applications/16/", "read": false, "date_created": "2023-11-15T15:52:18.241Z"}}, {"model": "notifications.notifications", "pk": 117, "fields": {"sender": 9, "receiver": 19, "notification_type": "new_application", "notification_object": 17, "link": "/pet/9/applications/17/", "read": false, "date_created": "2023-11-15T15:53:20.179Z"}}, {"model": "notifications.notifications", "pk": 118, "fields": {"sender": 9, "receiver": 12, "notification_type": "new_application", "notification_object": 18, "link": "/pet/2/applications/18/", "read": false, "date_created": "2023-11-15T15:53:28.417Z"}}, {"model": "notifications.notifications", "pk": 119, "fields": {"sender": 10, "receiver": 19, "notification_type": "new_application", "notification_object": 19, "link": "/pet/10/applications/19/", "read": false, "date_created": "2023-11-15T15:54:46.767Z"}}, {"model": "notifications.notifications", "pk": 120, "fields": {"sender": 10, "receiver": 11, "notification_type": "new_application", "notification_object": 20, "link": "/pet/1/applications/20/", "read": false, "date_created": "2023-11-15T15:54:54.860Z"}}, {"model": "notifications.notifications", "pk": 121, "fields": {"sender": 20, "receiver": 1, "notification_type": "new_pet", "notification_object": 11, "link": "/pet/11/", "read": false, "date_created": "2023-11-15T16:29:54.067Z"}}, {"model": "notifications.notifications", "pk": 122, "fields": {"sender": 20, "receiver": 2, "notification_type": "new_pet", "notification_object": 11, "link": "/pet/11/", "read": false, "date_created": "2023-11-15T16:29:54.077Z"}}, {"model": "notifications.notifications", "pk": 123, "fields": {"sender": 20, "receiver": 3, "notification_type": "new_pet", "notification_object": 11, "link": "/pet/11/", "read": false, "date_created": "2023-11-15T16:29:54.084Z"}}, {"model": "notifications.notifications", "pk": 124, "fields": {"sender": 20, "receiver": 4, "notification_type": "new_pet", "notification_object": 11, "link": "/pet/11/", "read": false, "date_created": "2023-11-15T16:29:54.093Z"}}, {"model": "notifications.notifications", "pk": 125, "fields": {"sender": 20, "receiver": 5, "notification_type": "new_pet", "notification_object": 11, "link": "/pet/11/", "read": false, "date_created": "2023-11-15T16:29:54.102Z"}}, {"model": "notifications.notifications", "pk": 126, "fields": {"sender": 20, "receiver": 6, "notification_type": "new_pet", "notification_object": 11, "link": "/pet/11/", "read": false, "date_created": "2023-11-15T16:29:54.114Z"}}, {"model": "notifications.notifications", "pk": 127, "fields": {"sender": 20, "receiver": 7, "notification_type": "new_pet", "notification_object": 11, "link": "/pet/11/", "read": false, "date_created": "2023-11-15T16:29:54.130Z"}}, {"model": "notifications.notifications", "pk": 128, "fields": {"sender": 20, "receiver": 8, "notification_type": "new_pet", "notification_object": 11, "link": "/pet/11/", "read": false, "date_created": "2023-11-15T16:29:54.142Z"}}, {"model": "notifications.notifications", "pk": 129, "fields": {"sender": 20, "receiver": 9, "notification_type": "new_pet", "notification_object": 11, "link": "/pet/11/", "read": false, "date_created": "2023-11-15T16:29:54.153Z"}}, {"model": "notifications.notifications", "pk": 130, "fields": {"sender": 20, "receiver": 10, "notification_type": "new_pet", "notification_object": 11, "link": "/pet/11/", "read": false, "date_created": "2023-11-15T16:29:54.165Z"}}, {"model": "notifications.notifications", "pk": 131, "fields": {"sender": 11, "receiver": 1, "notification_type": "new_pet", "notification_object": 12, "link": "/pet/12/", "read": false, "date_created": "2023-11-15T16:56:46.174Z"}}, {"model": "notifications.notifications", "pk": 132, "fields": {"sender": 11, "receiver": 6, "notification_type": "new_pet", "notification_object": 12, "link": "/pet/12/", "read": false, "date_created": "2023-11-15T16:56:46.211Z"}}, {"model": "notifications.notifications", "pk": 133, "fields": {"sender": 11, "receiver": 7, "notification_type": "new_pet", "notification_object": 12, "link": "/pet/12/", "read": false, "date_created": "2023-11-15T16:56:46.219Z"}}, {"model": "notifications.notifications", "pk": 134, "fields": {"sender": 11, "receiver": 8, "notification_type": "new_pet", "notification_object": 12, "link": "/pet/12/", "read": false, "date_created": "2023-11-15T16:56:46.226Z"}}, {"model": "notifications.notifications", "pk": 135, "fields": {"sender": 11, "receiver": 9, "notification_type": "new_pet", "notification_object": 12, "link": "/pet/12/", "read": false, "date_created": "2023-11-15T16:56:46.233Z"}}, {"model": "notifications.notifications", "pk": 136, "fields": {"sender": 11, "receiver": 10, "notification_type": "new_pet", "notification_object": 12, "link": "/pet/12/", "read": false, "date_created": "2023-11-15T16:56:46.240Z"}}]